City_ID,City,Lat,Lng,Max Temp,Humidity,Cloudiness,Wind Speed,Country,Date
0,Broken Hill,-31.95,141.4333,78.53,33,0,17.38,AU,2022-02-07 01:18:09
1,Raudeberg,61.9875,5.1352,38.19,89,100,4.0,NO,2022-02-07 01:18:09
2,Mataura,-46.1927,168.8643,60.48,36,21,1.88,NZ,2022-02-07 01:14:07
3,Mount Gambier,-37.8333,140.7667,83.98,20,0,7.67,AU,2022-02-07 01:18:10
4,Kapaa,22.0752,-159.319,79.12,70,20,4.0,US,2022-02-07 01:18:10
5,Albany,42.6001,-73.9662,20.75,75,10,2.55,US,2022-02-07 01:14:19
6,Yellowknife,62.456,-114.3525,-1.68,84,75,4.61,CA,2022-02-07 01:18:11
7,Punta Arenas,-53.15,-70.9167,51.91,87,75,6.91,CL,2022-02-07 01:12:03
8,Torbay,47.6666,-52.7314,12.76,75,40,16.11,CA,2022-02-07 01:18:11
9,Jamestown,42.097,-79.2353,31.59,53,0,3.0,US,2022-02-07 01:17:56
10,San Vicente,-26.6167,-54.1333,61.3,59,0,2.91,AR,2022-02-07 01:18:12
11,Rikitea,-23.1203,-134.9692,79.0,71,45,19.26,PF,2022-02-07 01:14:08
12,Lompoc,34.6391,-120.4579,68.14,64,0,9.22,US,2022-02-07 01:17:46
13,Puerto Ayora,-0.7393,-90.3518,73.54,92,15,4.0,EC,2022-02-07 01:14:08
14,Saint-Leu,-21.15,55.2833,76.06,76,81,3.51,RE,2022-02-07 01:18:13
15,Bluff,-46.6,168.3333,60.8,63,0,12.57,NZ,2022-02-07 01:14:11
16,Bredasdorp,-34.5322,20.0403,62.28,88,8,3.44,ZA,2022-02-07 01:18:14
17,Arraial Do Cabo,-22.9661,-42.0278,76.14,89,0,20.98,BR,2022-02-07 01:18:14
18,Port Alfred,-33.5906,26.891,74.23,78,100,4.43,ZA,2022-02-07 01:11:18
19,Maumere,-8.6199,122.2111,84.16,72,7,6.15,ID,2022-02-07 01:18:15
20,Bethel,41.3712,-73.414,27.64,75,0,3.44,US,2022-02-07 01:16:02
21,Monchegorsk,67.9397,32.8739,11.25,91,100,9.57,RU,2022-02-07 01:18:16
22,Kaitangata,-46.2817,169.8464,59.94,78,62,6.69,NZ,2022-02-07 01:18:16
23,Stillwater,36.1156,-97.0584,42.57,65,0,4.61,US,2022-02-07 01:18:16
24,Atuona,-9.8,-139.0333,78.91,74,12,18.68,PF,2022-02-07 01:12:30
25,Longyearbyen,78.2186,15.6401,17.44,73,0,9.22,SJ,2022-02-07 01:14:14
26,New Norfolk,-42.7826,147.0587,76.66,35,0,1.99,AU,2022-02-07 01:17:59
27,Lorengau,-2.0226,147.2712,83.32,77,99,8.61,PG,2022-02-07 01:18:17
28,Talaya,61.3833,152.75,-22.07,80,3,0.25,RU,2022-02-07 01:18:18
29,Iqaluit,63.7506,-68.5145,-38.31,65,100,3.0,CA,2022-02-07 01:12:19
30,Busselton,-33.65,115.3333,65.05,57,36,19.1,AU,2022-02-07 01:14:13
31,Qaanaaq,77.484,-69.3632,-12.53,59,36,8.34,GL,2022-02-07 01:18:18
32,Upernavik,72.7868,-56.1549,-16.53,100,100,9.57,GL,2022-02-07 01:18:19
33,Norman Wells,65.282,-126.8329,-11.49,95,100,10.6,CA,2022-02-07 01:14:11
34,Mabaruma,8.2,-59.7833,72.73,98,100,3.13,GY,2022-02-07 01:18:20
35,Mehamn,71.0357,27.8492,17.69,85,78,13.24,NO,2022-02-07 01:15:38
36,Saldanha,-33.0117,17.9442,60.85,99,28,7.02,ZA,2022-02-07 01:18:20
37,Henties Bay,-22.116,14.2845,68.86,85,96,5.7,NA,2022-02-07 01:14:09
38,Banjar,-8.19,114.9675,84.06,83,100,4.88,ID,2022-02-07 01:18:21
39,Cherskiy,68.75,161.3,-28.32,99,24,0.43,RU,2022-02-07 01:18:21
40,Buciumi,47.0333,23.0667,34.79,84,100,7.76,RO,2022-02-07 01:18:22
41,Vikhorevka,56.1201,101.1636,13.59,98,100,2.62,RU,2022-02-07 01:18:23
42,Saskylakh,71.9167,114.0833,-24.18,100,97,3.4,RU,2022-02-07 01:18:23
43,Mandalgovi,45.7625,106.2708,3.22,70,8,3.8,MN,2022-02-07 01:18:23
44,Hastings,50.8552,0.5729,43.38,67,6,21.65,GB,2022-02-07 01:18:24
45,Severo-Kurilsk,50.6789,156.125,32.27,81,100,11.5,RU,2022-02-07 01:19:24
46,Bambous Virieux,-20.3428,57.7575,77.25,83,40,6.91,MU,2022-02-07 01:19:25
47,Varna,43.2167,27.9167,40.44,93,51,0.0,BG,2022-02-07 01:19:25
48,Xai-Xai,-25.0519,33.6442,75.61,79,37,13.0,MZ,2022-02-07 01:19:25
49,Kenora,49.8167,-94.4337,4.17,85,20,3.44,CA,2022-02-07 01:18:03
50,Ilulissat,69.2167,-51.1,3.22,60,100,9.22,GL,2022-02-07 01:19:26
51,Porangatu,-13.4408,-49.1486,71.1,94,100,2.95,BR,2022-02-07 01:19:26
52,Victoria,22.2855,114.1577,63.18,92,99,11.99,HK,2022-02-07 01:15:50
53,Paraiso,9.8383,-83.8656,67.06,97,69,3.53,CR,2022-02-07 01:19:27
54,Laguna,38.421,-121.4238,66.33,51,0,1.01,US,2022-02-07 01:19:28
55,Milos,36.75,24.4333,47.12,65,15,5.97,GR,2022-02-07 01:19:28
56,Karratha,-20.7377,116.8463,87.82,63,43,7.0,AU,2022-02-07 01:19:28
57,Srednekolymsk,67.45,153.6833,-29.6,97,51,1.16,RU,2022-02-07 01:19:29
58,Hermanus,-34.4187,19.2345,63.9,93,91,3.22,ZA,2022-02-07 01:19:29
59,Khatanga,71.9667,102.5,-15.39,98,99,9.24,RU,2022-02-07 01:19:30
60,Verkhoyansk,67.5447,133.385,-34.31,98,100,1.21,RU,2022-02-07 01:19:30
61,Bogotol,56.2078,89.5342,2.88,94,100,4.97,RU,2022-02-07 01:19:30
62,Arlit,18.7369,7.3853,62.87,11,0,9.08,NE,2022-02-07 01:15:11
63,Rumford,44.5537,-70.5509,17.2,99,100,1.81,US,2022-02-07 01:19:31
64,Vaini,-21.2,-175.2,78.96,94,100,12.66,TO,2022-02-07 01:14:12
65,Kodiak,57.79,-152.4072,36.91,44,100,6.91,US,2022-02-07 01:19:09
66,Kananga,-5.8958,22.4178,67.93,95,100,0.34,CD,2022-02-07 01:19:32
67,Ponta Delgada,37.7333,-25.6667,60.49,88,75,12.66,PT,2022-02-07 01:19:32
68,Sorland,67.667,12.6934,36.0,63,100,7.76,NO,2022-02-07 01:19:32
69,Chuy,-33.6971,-53.4616,63.05,67,0,14.41,UY,2022-02-07 01:16:31
70,Cidreira,-30.1811,-50.2056,69.87,71,10,11.12,BR,2022-02-07 01:19:33
71,Dicabisagan,17.0818,122.4157,74.28,89,100,11.1,PH,2022-02-07 01:19:34
72,Makasar,-5.14,119.4221,78.85,100,40,4.61,ID,2022-02-07 01:19:34
73,Thompson,55.7435,-97.8558,-7.44,71,100,4.61,CA,2022-02-07 01:19:34
74,Malo,45.6603,11.4075,43.88,88,69,1.99,IT,2022-02-07 01:19:35
75,Coffs Harbour,-30.3,153.1333,69.76,78,75,18.41,AU,2022-02-07 01:19:35
76,Cape Town,-33.9258,18.4232,64.11,85,20,1.01,ZA,2022-02-07 01:19:36
77,Ishim,56.1128,69.4902,-5.06,88,96,6.2,RU,2022-02-07 01:19:36
78,Lashio,22.9333,97.75,47.77,71,0,1.34,MM,2022-02-07 01:19:36
79,Dumas,35.8656,-101.9732,40.42,75,0,8.05,US,2022-02-07 01:19:37
80,Dali,25.7,100.1833,36.64,78,3,1.97,CN,2022-02-07 01:19:37
81,Ojinaga,29.5667,-104.4167,58.15,26,0,6.91,MX,2022-02-07 01:19:38
82,Ponta Do Sol,32.6667,-17.1,63.23,68,9,10.22,PT,2022-02-07 01:19:38
83,Padang,-0.9492,100.3543,75.25,77,100,1.66,ID,2022-02-07 01:19:38
84,Narsaq,60.9167,-46.05,8.82,82,100,3.62,GL,2022-02-07 01:19:39
85,Geraldton,-28.7667,114.6,74.12,43,75,19.57,AU,2022-02-07 01:19:39
86,Mount Isa,-20.7333,139.5,85.77,45,5,11.5,AU,2022-02-07 01:14:16
87,Christchurch,-43.5333,172.6333,63.91,63,40,1.01,NZ,2022-02-07 01:19:40
88,Mayumba,-3.432,10.6554,76.5,92,67,6.78,GA,2022-02-07 01:19:40
89,Ryotsu,38.0833,138.4333,35.56,60,100,15.9,JP,2022-02-07 01:19:41
90,Provideniya,64.3833,-173.3,3.31,66,0,4.47,RU,2022-02-07 01:16:47
91,California City,35.1258,-117.9859,66.02,13,0,0.0,US,2022-02-07 01:15:09
92,Sabzevar,36.2126,57.6819,35.37,68,2,4.54,IR,2022-02-07 01:16:28
93,Zhigansk,66.7697,123.3711,-33.18,100,92,4.14,RU,2022-02-07 01:18:38
94,Mahebourg,-20.4081,57.7,77.29,83,40,6.91,MU,2022-02-07 01:20:42
95,Dikson,73.5069,80.5464,-15.29,98,100,14.74,RU,2022-02-07 01:20:42
96,Nikolskoye,59.7035,30.7861,35.87,95,100,9.19,RU,2022-02-07 01:18:06
97,Prieska,-29.6641,22.7474,73.38,58,76,4.43,ZA,2022-02-07 01:20:43
98,Ribeira Grande,38.5167,-28.7,61.21,84,11,13.78,PT,2022-02-07 01:20:43
99,Castro,-24.7911,-50.0119,64.29,79,6,0.04,BR,2022-02-07 01:18:00
100,Ushuaia,-54.8,-68.3,54.37,95,100,7.29,AR,2022-02-07 01:09:22
101,Nabire,-3.3667,135.4833,83.19,71,100,0.63,ID,2022-02-07 01:20:44
102,Clinton,42.587,-82.9199,28.42,72,37,1.01,US,2022-02-07 01:20:44
103,Clyde River,70.4692,-68.5914,-30.77,68,0,10.36,CA,2022-02-07 01:20:45
104,Tilichiki,60.4667,166.1,-6.38,79,1,9.78,RU,2022-02-07 01:20:45
105,Saint-Philippe,-21.3585,55.7679,76.59,84,99,13.4,RE,2022-02-07 01:20:46
106,Alyangula,-13.8483,136.4192,83.43,71,67,2.93,AU,2022-02-07 01:20:46
107,Kenai,60.5544,-151.2583,28.15,92,0,3.44,US,2022-02-07 01:20:47
108,Losone,46.1687,8.7593,45.1,77,40,2.3,CH,2022-02-07 01:20:47
109,Kishi,9.0833,3.85,76.33,17,0,2.98,NG,2022-02-07 01:20:48
110,Khipro,25.8285,69.3772,61.14,88,0,4.97,PK,2022-02-07 01:20:48
111,Talnakh,69.4865,88.3972,-28.43,99,57,1.5,RU,2022-02-07 01:20:48
112,Kalmunai,7.4167,81.8167,74.1,83,33,8.9,LK,2022-02-07 01:20:49
113,Kavieng,-2.5744,150.7967,83.79,71,89,2.24,PG,2022-02-07 01:20:06
114,Boo,59.3333,18.2833,30.81,92,75,4.61,SE,2022-02-07 01:20:49
115,Bonfim,3.0833,-59.95,80.22,71,79,2.95,BR,2022-02-07 01:20:50
116,Faanui,-16.4833,-151.75,81.32,73,100,18.79,PF,2022-02-07 01:14:18
117,Kiama,-34.6833,150.8667,74.57,69,48,3.0,AU,2022-02-07 01:20:50
118,Shenjiamen,29.9576,122.298,45.09,83,100,18.68,CN,2022-02-07 01:20:51
119,Teahupoo,-17.8333,-149.2667,80.56,76,87,20.69,PF,2022-02-07 01:20:51
120,Lagoa,39.05,-27.9833,59.67,86,8,15.26,PT,2022-02-07 01:20:52
121,Aklavik,68.2191,-135.0107,-22.97,94,100,18.81,CA,2022-02-07 01:20:52
122,East London,-33.0153,27.9116,71.76,84,100,15.35,ZA,2022-02-07 01:20:53
123,Riyadh,24.6877,46.7219,48.34,44,0,6.33,SA,2022-02-07 01:16:49
124,Urumqi,43.801,87.6005,7.75,67,2,6.71,CN,2022-02-07 01:20:02
125,Coihaique,-45.5752,-72.0662,70.41,56,100,5.75,CL,2022-02-07 01:20:53
126,Port Elizabeth,-33.918,25.5701,69.1,77,0,4.61,ZA,2022-02-07 01:18:50
127,Dingle,10.9995,122.6711,80.91,72,91,13.94,PH,2022-02-07 01:20:54
128,Vallenar,-28.5708,-70.7581,71.98,49,0,3.42,CL,2022-02-07 01:20:54
129,Uige,-7.6087,15.0613,64.76,98,98,0.04,AO,2022-02-07 01:20:55
130,Hobart,-42.8794,147.3294,77.02,48,20,1.01,AU,2022-02-07 01:14:10
131,Tura,25.5198,90.2201,51.03,78,0,3.09,IN,2022-02-07 01:20:55
132,Fortuna,40.5982,-124.1573,60.19,90,40,0.0,US,2022-02-07 01:14:18
133,Sur,22.5667,59.5289,69.55,65,0,11.39,OM,2022-02-07 01:20:56
134,Arman,59.7,150.1667,14.02,72,99,8.1,RU,2022-02-07 01:20:56
135,Nieuw Amsterdam,5.8833,-55.0833,79.02,89,100,7.94,SR,2022-02-07 01:20:57
136,Manzanillo,20.3433,-77.1167,75.76,66,66,10.65,CU,2022-02-07 01:21:57
137,Weinan,34.5036,109.5089,33.49,69,45,0.94,CN,2022-02-07 01:21:58
138,Barrow,71.2906,-156.7887,-25.58,62,0,12.66,US,2022-02-07 01:21:58
139,Brae,60.3964,-1.353,39.11,52,100,34.92,GB,2022-02-07 01:17:52
140,The Valley,18.217,-63.0578,77.09,71,93,22.21,AI,2022-02-07 01:21:59
141,Aksarka,66.5606,67.7975,-14.26,100,96,6.78,RU,2022-02-07 01:21:59
142,San Quintin,30.4833,-115.95,61.59,43,0,6.64,MX,2022-02-07 01:21:59
143,Constitucion,-35.3333,-72.4167,58.86,81,0,8.03,CL,2022-02-07 01:14:19
144,Nandgaon,20.3167,74.65,63.32,35,8,3.04,IN,2022-02-07 01:22:00
145,Palmer,42.1584,-72.3287,22.03,68,20,0.0,US,2022-02-07 01:22:01
146,Meadow Lake,34.8014,-106.5436,37.67,59,81,4.72,US,2022-02-07 01:22:01
147,Yar-Sale,66.8333,70.8333,-9.53,99,41,8.95,RU,2022-02-07 01:22:01
148,San Patricio,28.017,-97.5169,61.21,78,100,10.0,US,2022-02-07 01:17:38
149,Ixtapa,20.7,-105.2,73.22,83,75,10.36,MX,2022-02-07 01:22:02
150,Lazaro Cardenas,17.9583,-102.2,77.74,63,22,8.1,MX,2022-02-07 01:22:02
151,Tuktoyaktuk,69.4541,-133.0374,-27.4,68,75,12.66,CA,2022-02-07 01:22:03
152,Lucapa,-8.4192,20.7447,64.29,97,100,2.39,AO,2022-02-07 01:22:03
153,Leshukonskoye,64.8989,45.7622,13.28,94,99,7.74,RU,2022-02-07 01:22:04
154,Aqtobe,50.2797,57.2072,19.49,86,100,15.66,KZ,2022-02-07 01:22:04
155,Pakxan,18.3778,103.6601,69.6,73,77,3.8,LA,2022-02-07 01:22:04
156,Kruisfontein,-34.0033,24.7314,66.88,66,0,1.1,ZA,2022-02-07 01:22:05
157,Filadelfia,39.9523,-75.1638,31.89,68,40,3.0,US,2022-02-07 01:18:51
158,Marzuq,14.4,46.4667,59.11,46,100,3.27,YE,2022-02-07 01:22:05
159,Pangnirtung,66.1451,-65.7125,-36.47,97,100,3.51,CA,2022-02-07 01:22:06
160,Olindina,-11.3667,-38.3333,75.65,83,84,7.96,BR,2022-02-07 01:22:06
161,Makakilo City,21.3469,-158.0858,79.12,61,100,8.05,US,2022-02-07 01:22:07
162,Ketchikan,55.3422,-131.6461,45.07,93,100,19.57,US,2022-02-07 01:22:05
163,Maturin,9.75,-63.1767,75.13,83,7,6.73,VE,2022-02-07 01:22:07
164,Guarapari,-20.6667,-40.4975,80.49,85,0,13.98,BR,2022-02-07 01:22:08
165,Luderitz,-26.6481,15.1594,69.17,72,59,2.84,NA,2022-02-07 01:22:08
166,Amga,60.8953,131.9608,-18.99,98,100,1.34,RU,2022-02-07 01:22:09
167,Gat,31.61,34.7642,54.91,100,4,7.07,IL,2022-02-07 01:22:04
168,Vung Tau,10.346,107.0843,79.05,71,52,4.45,VN,2022-02-07 01:22:09
169,Korla,41.7597,86.1469,21.67,50,74,3.33,CN,2022-02-07 01:22:10
170,Mitsamiouli,-11.3847,43.2844,80.89,78,75,24.16,KM,2022-02-07 01:22:10
171,Katakwi,1.8911,33.9661,70.3,40,100,1.52,UG,2022-02-07 01:22:11
172,Ornskoldsvik,63.2909,18.7153,23.95,100,100,3.44,SE,2022-02-07 01:22:11
173,Bara,10.3744,10.7288,65.19,30,0,8.43,NG,2022-02-07 01:22:10
174,Thunder Bay,48.4001,-89.3168,10.99,75,100,4.61,CA,2022-02-07 01:20:57
175,Hithadhoo,-0.6,73.0833,82.27,70,63,14.88,MV,2022-02-07 01:14:09
176,Itaituba,-4.2761,-55.9836,78.96,89,75,5.75,BR,2022-02-07 01:22:12
177,Beringovskiy,63.05,179.3167,-13.0,95,23,5.21,RU,2022-02-07 01:22:12
178,Georgetown,5.4112,100.3354,78.73,88,20,4.61,MY,2022-02-07 01:10:01
179,Ilebo,-4.3167,20.5833,70.27,97,93,0.96,CD,2022-02-07 01:22:13
180,Ovalle,-30.5983,-71.2003,73.94,53,0,4.38,CL,2022-02-07 01:22:13
181,Caravelas,-17.7125,-39.2481,77.09,84,68,6.2,BR,2022-02-07 01:22:14
182,Yaval,21.1667,75.7,64.72,32,4,1.97,IN,2022-02-07 01:23:15
183,Tongzi,28.7829,105.0877,42.28,88,100,2.19,CN,2022-02-07 01:23:15
184,Avarua,-21.2078,-159.775,82.45,74,75,16.11,CK,2022-02-07 01:23:16
185,Morondava,-20.2833,44.2833,80.83,84,100,24.85,MG,2022-02-07 01:23:16
186,Lasa,46.6166,10.7002,44.06,86,100,5.79,IT,2022-02-07 01:23:17
187,Ukiah,39.1502,-123.2078,68.65,39,0,4.61,US,2022-02-07 01:20:01
188,Muroto,33.2833,134.15,42.84,54,92,9.55,JP,2022-02-07 01:23:17
189,Guerrero Negro,27.9769,-114.0611,63.23,37,0,11.1,MX,2022-02-07 01:23:18
190,Sabaudia,41.3003,13.0282,53.56,98,6,10.09,IT,2022-02-07 01:23:18
191,Butaritari,3.0707,172.7902,82.58,74,85,15.75,KI,2022-02-07 01:19:17
192,Hambantota,6.1241,81.1185,74.44,75,100,6.6,LK,2022-02-07 01:23:19
193,Oktyabrskiy,54.4815,53.471,11.52,98,100,2.8,RU,2022-02-07 01:23:19
194,Moose Factory,51.2585,-80.6094,-4.0,77,0,5.75,CA,2022-02-07 01:23:19
195,Carnarvon,-24.8667,113.6333,73.51,55,8,21.65,AU,2022-02-07 01:22:29
196,Brebeni,44.3667,24.45,30.51,54,97,1.52,RO,2022-02-07 01:23:20
197,Suhbaatar,50.2314,106.2078,-10.73,98,54,3.31,MN,2022-02-07 01:23:20
198,Solnechnyy,50.7214,136.6319,2.12,92,100,2.53,RU,2022-02-07 01:23:21
199,Pevek,69.7008,170.3133,-23.1,98,31,0.96,RU,2022-02-07 01:14:12
200,Djibo,14.1022,-1.6306,67.73,14,0,9.98,BF,2022-02-07 01:23:21
201,Marrakesh,31.6315,-8.0083,60.87,55,0,3.44,MA,2022-02-07 01:23:22
202,Chiesanuova,43.9045,12.4214,49.62,70,75,8.01,SM,2022-02-07 01:23:22
203,Bengkulu,-3.8004,102.2655,76.39,88,99,8.9,ID,2022-02-07 01:23:23
204,Anloga,5.7947,0.8973,80.82,82,96,6.17,GH,2022-02-07 01:23:23
205,Santa Teresa,10.2341,-66.6631,80.42,96,12,2.93,VE,2022-02-07 01:23:24
206,Talcahuano,-36.7167,-73.1167,67.68,64,0,10.36,CL,2022-02-07 01:23:24
207,West Bay,19.3667,-81.4167,78.01,79,75,1.99,KY,2022-02-07 01:23:25
208,Bonthe,7.5264,-12.505,77.49,89,97,4.83,SL,2022-02-07 01:23:25
209,Yurginskoye,56.8189,67.3921,-0.62,82,79,7.25,RU,2022-02-07 01:23:25
210,Lae,-6.7221,146.9847,89.01,55,48,3.78,PG,2022-02-07 01:23:26
211,Varhaug,58.6147,5.6457,40.55,66,9,32.77,NO,2022-02-07 01:23:26
212,College,64.8569,-147.8028,-2.42,77,100,0.0,US,2022-02-07 01:23:27
213,Rajapur,25.3833,81.15,49.68,65,0,2.1,IN,2022-02-07 01:23:27
214,Celica,-4.1167,-79.95,61.39,91,99,1.41,EC,2022-02-07 01:23:27
215,Lisburn,54.5234,-6.0353,38.64,90,75,8.05,GB,2022-02-07 01:23:28
216,Lagoa Vermelha,-28.2086,-51.5258,57.49,70,0,3.53,BR,2022-02-07 01:23:28
217,Paamiut,61.994,-49.6678,8.94,60,100,29.04,GL,2022-02-07 01:23:29
218,Esperance,-33.8667,121.9,66.02,54,15,26.33,AU,2022-02-07 01:23:21
219,Shelabolikha,53.4131,82.6167,13.46,98,76,2.71,RU,2022-02-07 01:23:29
220,Walvis Bay,-22.9575,14.5053,70.75,83,83,4.61,NA,2022-02-07 01:23:30
221,Siverek,37.755,39.3167,32.61,70,0,6.04,TR,2022-02-07 01:23:30
222,Aksu,41.1231,80.2644,19.76,48,100,0.96,CN,2022-02-07 01:23:31
223,Chokurdakh,70.6333,147.9167,-41.08,100,70,2.53,RU,2022-02-07 01:19:27
224,Mackenzie,55.2999,-123.1698,41.22,60,75,13.8,CA,2022-02-07 01:24:31
225,Anadyr,64.75,177.4833,-17.52,82,0,6.71,RU,2022-02-07 01:24:32
226,Midland,31.9974,-102.0779,52.47,31,0,12.66,US,2022-02-07 01:24:32
227,Durango,24.8333,-104.8333,52.11,48,23,13.13,MX,2022-02-07 01:20:12
228,Capitan Miranda,-27.2,-55.8,74.25,46,0,3.98,PY,2022-02-07 01:24:33
229,Nardaran,40.5561,50.0056,35.24,60,0,9.22,AZ,2022-02-07 01:24:33
230,Lerwick,60.1545,-1.1494,39.2,53,86,34.38,GB,2022-02-07 01:24:33
231,Nemuro,43.3236,145.575,28.83,72,27,11.63,JP,2022-02-07 01:24:34
232,Cap Malheureux,-19.9842,57.6142,77.49,86,100,1.99,MU,2022-02-07 01:24:34
233,Moree,-29.4667,149.85,82.42,36,0,8.05,AU,2022-02-07 01:24:35
234,Pahrump,36.2083,-115.9839,61.52,14,0,3.0,US,2022-02-07 01:24:35
235,Palora,-1.7,-77.9333,66.42,97,41,1.81,EC,2022-02-07 01:24:35
236,Chabahar,25.2919,60.643,69.91,64,0,11.86,IR,2022-02-07 01:24:36
237,Gedangan,-7.3908,112.7267,84.16,74,20,9.22,ID,2022-02-07 01:24:36
238,Hilo,19.7297,-155.09,75.25,90,80,1.99,US,2022-02-07 01:24:37
239,Ambon,-3.6954,128.1814,86.14,74,40,4.61,ID,2022-02-07 01:24:37
240,Kaliningrad,54.7065,20.511,35.65,96,100,17.02,RU,2022-02-07 01:24:37
241,Port Lincoln,-34.7333,135.8667,79.14,47,0,15.32,AU,2022-02-07 01:24:38
242,Morro Bay,35.3658,-120.8499,68.4,56,0,1.99,US,2022-02-07 01:24:38
243,Tasiilaq,65.6145,-37.6368,23.16,56,100,53.35,GL,2022-02-07 01:24:39
244,Weihe,32.9952,105.3247,27.79,89,100,3.0,CN,2022-02-07 01:24:39
245,Minna,9.6139,6.5569,76.69,17,0,9.26,NG,2022-02-07 01:24:39
246,Nantucket,41.2835,-70.0995,32.14,70,0,10.36,US,2022-02-07 01:19:49
247,Big Bend,-26.8167,31.9333,67.77,97,11,3.83,SZ,2022-02-07 01:23:05
248,Mahon,39.8885,4.2658,46.96,93,20,4.61,ES,2022-02-07 01:24:40
249,Gardner,42.5751,-71.9981,19.99,87,0,0.0,US,2022-02-07 01:24:40
250,Verkhnyaya Inta,65.9811,60.3094,0.7,90,100,7.25,RU,2022-02-07 01:24:41
251,Margate,51.3813,1.3862,42.75,68,4,11.99,GB,2022-02-07 01:24:41
252,Iwanai,42.9744,140.5089,29.1,65,100,9.82,JP,2022-02-07 01:24:42
253,Yinchuan,38.4681,106.2731,21.33,90,100,2.86,CN,2022-02-07 01:24:42
254,Akyab,20.15,92.9,58.98,62,100,6.76,MM,2022-02-07 01:24:42
255,Erenhot,43.6475,111.9767,3.24,85,3,5.7,CN,2022-02-07 01:24:43
256,Aykhal,66.0,111.5,-16.17,100,99,5.79,RU,2022-02-07 01:24:43
257,Isangel,-19.55,169.2667,82.51,94,100,1.14,VU,2022-02-07 01:20:25
258,San Borja,-14.8167,-66.85,69.67,99,100,3.49,BO,2022-02-07 01:24:44
259,Alofi,-19.0595,-169.9187,82.29,83,100,8.05,NU,2022-02-07 01:24:44
260,Cayenne,4.9333,-52.3333,80.1,87,20,5.01,GF,2022-02-07 01:23:21
261,Tansen,27.8673,83.5467,41.79,88,39,1.81,NP,2022-02-07 01:24:45
262,North Bend,43.4065,-124.2243,57.92,71,0,3.44,US,2022-02-07 01:22:01
263,Trairi,-3.2778,-39.2689,77.95,79,3,6.85,BR,2022-02-07 01:23:30
264,Balkhash,46.844,74.9804,16.41,86,100,6.71,KZ,2022-02-07 01:24:46
265,Ewa Beach,21.3156,-158.0072,80.55,60,75,18.01,US,2022-02-07 01:23:39
266,Cajati,-24.7361,-48.1228,73.15,99,89,1.59,BR,2022-02-07 01:22:21
267,Bandarbeyla,9.4942,50.8122,74.66,75,97,13.0,SO,2022-02-07 01:24:46
268,Sao Felix Do Xingu,-6.6447,-51.995,72.73,96,100,0.38,BR,2022-02-07 01:24:47
269,Kismayo,-0.3582,42.5454,77.52,83,99,16.71,SO,2022-02-07 01:24:47
270,Los Llanos De Aridane,28.6585,-17.9182,62.13,71,75,20.0,ES,2022-02-07 01:24:47
271,Redlands,34.0556,-117.1825,74.44,15,0,9.22,US,2022-02-07 01:24:48
272,Gwadar,25.1216,62.3254,69.44,75,0,7.07,PK,2022-02-07 01:24:48
273,Lagos,6.5833,3.75,80.92,96,68,1.5,NG,2022-02-07 01:25:44
274,Caluquembe,-13.7833,14.6833,61.2,55,100,2.91,AO,2022-02-07 01:25:49
275,Port Pirie,-33.1833,138.0167,87.89,23,4,17.25,AU,2022-02-07 01:25:49
276,Bom Despacho,-19.7364,-45.2522,66.24,99,100,3.89,BR,2022-02-07 01:25:50
277,Beech Grove,39.722,-86.09,30.25,76,0,5.75,US,2022-02-07 01:24:23
278,Bonavista,48.6499,-53.1147,13.12,64,59,20.85,CA,2022-02-07 01:25:50
279,Voh,-20.9667,164.7,84.36,79,100,11.7,NC,2022-02-07 01:21:54
280,Veraval,20.9,70.3667,63.59,77,5,8.55,IN,2022-02-07 01:25:51
281,Olafsvik,64.8945,-23.7142,30.27,61,100,26.6,IS,2022-02-07 01:25:51
282,Okhotsk,59.3833,143.3,-0.85,71,96,9.28,RU,2022-02-07 01:25:52
283,Vardo,70.3705,31.1107,23.29,82,74,20.07,NO,2022-02-07 01:25:52
284,Amberley,39.2048,-84.428,31.15,81,0,1.01,US,2022-02-07 01:25:53
285,Soria,41.6667,-2.6667,34.86,75,23,3.69,ES,2022-02-07 01:25:53
286,Vuktyl,63.8567,57.3094,12.13,81,100,8.01,RU,2022-02-07 01:25:53
287,Dong Hoi,17.4833,106.6,69.28,87,100,2.01,VN,2022-02-07 01:25:54
288,Pisco,-13.7,-76.2167,68.02,88,0,5.75,PE,2022-02-07 01:23:20
289,Yerbogachen,61.2767,108.0108,-13.43,100,97,2.01,RU,2022-02-07 01:25:54
290,Yantai,37.5333,121.4,32.36,46,100,3.42,CN,2022-02-07 01:25:55
291,Dargaville,-35.9333,173.8833,74.79,96,99,7.87,NZ,2022-02-07 01:25:55
292,Agogo,6.8,-1.0819,71.83,88,47,3.06,GH,2022-02-07 01:25:56
293,Bismarck,46.8083,-100.7837,28.87,84,0,3.0,US,2022-02-07 01:25:02
294,Mar Del Plata,-38.0023,-57.5575,64.42,76,100,24.0,AR,2022-02-07 01:22:52
295,Beloha,-25.1667,45.05,73.94,94,100,14.34,MG,2022-02-07 01:25:57
296,Bilibino,68.0546,166.4372,-11.52,79,17,4.09,RU,2022-02-07 01:25:57
297,Rawlins,41.7911,-107.2387,26.82,59,0,10.36,US,2022-02-07 01:25:57
298,Lebu,-37.6167,-73.65,59.63,90,0,14.27,CL,2022-02-07 01:25:58
299,Sao Francisco De Assis,-29.5503,-55.1311,64.69,41,0,4.81,BR,2022-02-07 01:25:58
300,Canora,51.6333,-102.4343,6.82,96,100,10.6,CA,2022-02-07 01:25:46
301,Hofn,64.2539,-15.2082,29.41,65,100,10.98,IS,2022-02-07 01:21:18
302,General Roca,-39.0333,-67.5833,77.4,19,0,12.66,AR,2022-02-07 01:25:59
303,Meulaboh,4.1363,96.1285,76.77,84,100,1.43,ID,2022-02-07 01:25:59
304,Praia,14.9215,-23.5087,68.54,83,0,16.11,CV,2022-02-07 01:26:00
305,Pinheiro Machado,-31.5783,-53.3811,57.06,72,0,5.64,BR,2022-02-07 01:26:00
306,Namwala,-15.7504,26.4384,63.97,98,100,4.99,ZM,2022-02-07 01:26:01
307,Socol,44.8608,21.3703,46.49,78,100,6.89,RO,2022-02-07 01:26:01
308,Yakeshi,49.2833,120.7333,-3.5,98,100,2.3,CN,2022-02-07 01:26:01
309,Otane,-39.8833,176.6333,64.0,98,100,8.46,NZ,2022-02-07 01:26:02
310,Natal,-5.795,-35.2094,81.25,78,20,9.22,BR,2022-02-07 01:21:43
311,Saint George,37.1041,-113.5841,55.99,19,0,18.41,US,2022-02-07 01:25:40
312,Leeton,-34.5667,146.4,78.89,36,0,8.05,AU,2022-02-07 01:26:03
313,Taoudenni,22.6783,-3.9836,66.47,13,0,10.6,ML,2022-02-07 01:26:03
314,Rabo De Peixe,37.8,-25.5833,59.27,94,75,12.66,PT,2022-02-07 01:26:04
315,Jiamusi,46.8333,130.35,4.6,84,93,6.93,CN,2022-02-07 01:26:04
316,Aasiaat,68.7098,-52.8699,6.75,93,100,8.66,GL,2022-02-07 01:26:04
317,Bagn,60.8225,9.5521,13.84,95,93,5.55,NO,2022-02-07 01:22:16
318,Puerto Del Rosario,28.5004,-13.8627,64.15,88,10,17.27,ES,2022-02-07 01:27:05
319,Airai,-8.9266,125.4092,72.12,67,8,1.16,TL,2022-02-07 01:27:05
320,Chengde,40.9725,117.9361,18.81,54,100,3.87,CN,2022-02-07 01:27:06
321,Shimoda,34.6667,138.95,44.96,85,100,0.87,JP,2022-02-07 01:24:06
322,La Sarre,48.8002,-79.1996,17.65,96,100,3.8,CA,2022-02-07 01:27:07
323,Sao Filipe,14.8961,-24.4956,72.81,75,0,5.7,CV,2022-02-07 01:27:07
324,Goderich,43.7501,-81.7165,28.9,68,100,12.66,CA,2022-02-07 01:27:08
325,Alcains,39.9164,-7.4566,44.67,58,13,5.32,PT,2022-02-07 01:27:08
326,Strezhevoy,60.7333,77.5889,-0.02,98,11,7.58,RU,2022-02-07 01:27:08
327,Aloleng,16.1307,119.7824,80.96,65,13,12.3,PH,2022-02-07 01:27:09
328,Comodoro Rivadavia,-45.8667,-67.5,66.06,52,0,4.61,AR,2022-02-07 01:27:10
329,Coolum Beach,-26.5333,153.1,76.33,82,92,1.01,AU,2022-02-07 01:27:10
330,Paragominas,-2.9667,-47.4833,72.48,99,100,3.24,BR,2022-02-07 01:27:10
331,Dondo,-19.6094,34.7431,70.66,97,99,5.7,MZ,2022-02-07 01:27:11
332,Inhambane,-23.865,35.3833,76.12,84,69,14.07,MZ,2022-02-07 01:27:11
333,Arvika,59.6553,12.5852,29.01,87,100,3.38,SE,2022-02-07 01:25:16
334,Amahai,-3.3333,128.9167,85.42,64,52,0.51,ID,2022-02-07 01:25:26
335,Bushehr,28.9684,50.8385,59.09,63,0,18.41,IR,2022-02-07 01:27:12
336,Ishigaki,24.3448,124.1572,68.13,73,75,17.27,JP,2022-02-07 01:27:12
337,Tiksi,71.6872,128.8694,-16.4,99,100,5.91,RU,2022-02-07 01:27:13
338,Dickson,36.077,-87.3878,41.22,66,20,0.0,US,2022-02-07 01:27:13
339,Bathsheba,13.2167,-59.5167,79.41,78,75,14.97,BB,2022-02-07 01:27:14
340,Portland,45.5234,-122.6762,57.18,74,20,1.01,US,2022-02-07 01:25:57
341,Kuito,-12.3833,16.9333,59.36,66,100,6.11,AO,2022-02-07 01:27:14
342,Mari-Turek,56.7895,49.6235,16.95,97,96,4.25,RU,2022-02-07 01:27:15
343,Yulara,-25.2406,130.9889,87.64,22,0,8.05,AU,2022-02-07 01:27:15
344,Haines Junction,60.7522,-137.5108,40.95,36,11,13.8,CA,2022-02-07 01:27:15
345,Papara,-3.9839,-38.7273,80.69,88,0,2.37,BR,2022-02-07 01:27:16
346,Sitka,57.0531,-135.33,44.49,76,100,10.36,US,2022-02-07 01:27:16
347,Suba,10.8438,121.0102,80.08,75,90,12.73,PH,2022-02-07 01:27:17
348,Port Blair,11.6667,92.75,77.04,88,40,8.05,IN,2022-02-07 01:27:17
349,Tautira,-17.7333,-149.15,86.02,74,95,20.04,PF,2022-02-07 01:27:17
350,Bilma,18.6853,12.9164,59.07,17,0,8.32,NE,2022-02-07 01:27:18
351,Vinh,18.6667,105.6667,63.3,84,21,3.42,VN,2022-02-07 01:27:18
352,Mantua,45.1667,10.7833,43.7,92,5,5.01,IT,2022-02-07 01:27:19
353,Araouane,18.9048,-3.5265,64.02,12,0,8.68,ML,2022-02-07 01:27:19
354,Sabang,5.8933,95.3214,77.97,81,100,6.71,ID,2022-02-07 01:27:19
355,Donskoy,53.9711,38.3363,18.61,97,79,7.85,RU,2022-02-07 01:27:20
356,Shingu,33.7333,135.9833,43.79,43,74,8.25,JP,2022-02-07 01:27:20
357,Corpus Christi,27.8006,-97.3964,61.36,84,100,8.99,US,2022-02-07 01:27:04
358,Sambava,-14.2667,50.1667,74.88,88,27,4.47,MG,2022-02-07 01:27:21
359,Petropavlovsk-Kamchatskiy,53.0452,158.6483,30.79,59,75,20.13,RU,2022-02-07 01:27:21
360,Asau,46.4333,26.4,38.32,69,100,5.93,RO,2022-02-07 01:27:21
361,Abha,18.2164,42.5053,48.02,57,35,0.0,SA,2022-02-07 01:27:22
362,Cabo San Lucas,22.8909,-109.9124,67.95,72,20,0.0,MX,2022-02-07 01:24:18
363,Katima Mulilo,-17.5,24.2667,65.03,95,96,4.79,NA,2022-02-07 01:28:22
364,Tuatapere,-46.1333,167.6833,59.83,45,0,6.82,NZ,2022-02-07 01:25:26
365,Cockburn Town,21.4612,-71.1419,75.16,64,20,9.22,TC,2022-02-07 01:28:23
366,Razole,16.4833,81.8333,70.09,95,92,4.03,IN,2022-02-07 01:28:24
367,Banff,51.1762,-115.5698,43.83,41,100,8.05,CA,2022-02-07 01:28:22
368,San Cristobal,7.7669,-72.225,69.98,90,25,1.3,VE,2022-02-07 01:28:24
369,Xuddur,4.1213,43.8894,67.84,66,30,13.53,SO,2022-02-07 01:25:18
370,Jalu,29.0331,21.5482,56.62,32,0,6.76,LY,2022-02-07 01:28:25
371,Abu Dhabi,24.4667,54.3667,64.96,61,40,3.0,AE,2022-02-07 01:26:43
372,Kondinskoye,59.6481,67.41,9.64,93,100,9.15,RU,2022-02-07 01:28:25
373,San Policarpo,12.1791,125.5072,82.29,72,12,14.67,PH,2022-02-07 01:28:26
374,Orlovskiy,46.8714,42.0592,30.13,96,100,10.54,RU,2022-02-07 01:28:26
375,Chapais,49.7834,-74.8492,4.78,95,100,6.89,CA,2022-02-07 01:28:26
376,Atar,20.5169,-13.0499,70.34,11,0,4.97,MR,2022-02-07 01:27:19
377,Mehran,33.1222,46.1646,49.01,42,37,7.72,IR,2022-02-07 01:28:27
378,Codrington,-38.2667,141.9667,82.31,28,0,3.44,AU,2022-02-07 01:26:33
379,Souillac,-20.5167,57.5167,77.38,83,40,6.91,MU,2022-02-07 01:28:28
380,Vostok,46.4856,135.8833,2.77,87,97,2.84,RU,2022-02-07 01:23:32
381,Porto Novo,6.4965,2.6036,82.22,88,18,4.76,BJ,2022-02-07 01:28:28
382,Vila Velha,-20.3297,-40.2925,80.55,85,75,8.99,BR,2022-02-07 01:27:46
383,Laredo,27.5064,-99.5075,62.89,38,0,4.61,US,2022-02-07 01:28:29
384,Tarakan,3.3,117.6333,80.1,89,40,9.22,ID,2022-02-07 01:28:29
385,Sibolga,1.7427,98.7792,77.47,84,100,2.51,ID,2022-02-07 01:28:30
386,Monrovia,6.3005,-10.7969,79.86,84,99,7.45,LR,2022-02-07 01:26:26
387,Phalaborwa,-23.943,31.1411,70.88,86,3,9.93,ZA,2022-02-07 01:28:30
388,Lata,40.1629,-8.3327,46.04,64,11,4.36,PT,2022-02-07 01:27:28
389,Phulji,26.8825,67.6807,59.9,34,0,8.1,PK,2022-02-07 01:28:31
390,Joshimath,30.5667,79.5667,38.14,65,26,5.57,IN,2022-02-07 01:28:31
391,Olinda,-8.0089,-34.8553,82.13,69,40,6.91,BR,2022-02-07 01:26:27
392,Sao Joao Da Barra,-21.6403,-41.0511,77.0,87,0,23.31,BR,2022-02-07 01:28:32
393,Oyama,36.3,139.8,45.61,27,0,6.31,JP,2022-02-07 01:28:32
394,Xinxiang,35.3089,113.8672,36.23,33,100,1.61,CN,2022-02-07 01:24:20
395,Necochea,-38.5473,-58.7368,60.04,62,100,14.83,AR,2022-02-07 01:28:33
396,Butembo,0.15,29.2833,57.96,51,100,2.84,CD,2022-02-07 01:28:33
397,Harper,4.375,-7.7169,79.09,83,100,7.2,LR,2022-02-07 01:28:34
398,Mnogovershinnyy,53.9353,139.9242,2.88,76,100,6.06,RU,2022-02-07 01:28:34
399,Jiangyou,31.7667,104.7167,37.65,98,100,2.17,CN,2022-02-07 01:28:34
400,Viedma,-40.8135,-62.9967,62.8,68,0,11.63,AR,2022-02-07 01:28:35
401,Chake Chake,-5.2459,39.7666,76.75,90,100,5.35,TZ,2022-02-07 01:28:35
402,Broome,42.2506,-75.833,23.9,79,0,1.99,US,2022-02-07 01:28:36
403,Bol,13.4586,14.7147,68.31,30,0,20.4,TD,2022-02-07 01:28:36
404,Manicore,-5.8092,-61.3003,73.98,97,94,1.21,BR,2022-02-07 01:28:36
405,Half Moon Bay,37.4636,-122.4286,67.24,53,0,5.75,US,2022-02-07 01:23:45
406,Hobyo,5.3505,48.5268,75.65,70,100,17.78,SO,2022-02-07 01:28:37
407,Rumoi,43.9344,141.6428,27.68,79,100,8.55,JP,2022-02-07 01:28:37
408,Novosokolniki,56.3463,30.1578,32.38,95,100,10.13,RU,2022-02-07 01:28:38
409,Gangapur,26.4833,76.7167,53.38,54,0,5.5,IN,2022-02-07 01:29:38
410,Wangkui,46.8333,126.5,0.57,92,100,4.52,CN,2022-02-07 01:29:39
411,Muros,42.7762,-9.0603,51.24,90,14,9.17,ES,2022-02-07 01:29:39
412,Pierre,44.3683,-100.351,40.28,57,0,6.91,US,2022-02-07 01:29:39
413,Vestmannaeyjar,63.4427,-20.2734,37.9,75,100,42.64,IS,2022-02-07 01:29:40
414,Nicoya,10.1483,-85.452,80.15,64,5,7.76,CR,2022-02-07 01:29:40
415,Baymak,52.5933,58.3225,12.07,94,100,2.8,RU,2022-02-07 01:29:41
416,Avallon,47.4833,3.9,48.92,87,100,26.96,FR,2022-02-07 01:29:41
417,Mbaiki,3.8678,17.9892,68.95,40,76,2.04,CF,2022-02-07 01:29:41
418,Straumen,63.8709,11.2999,36.63,98,100,4.45,NO,2022-02-07 01:29:42
419,Porto Nacional,-10.7081,-48.4172,75.2,91,100,1.01,BR,2022-02-07 01:29:42
420,Daru,-9.0763,143.2092,84.29,73,100,5.57,PG,2022-02-07 01:29:43
421,Suixi,33.8907,116.7747,33.82,76,100,3.53,CN,2022-02-07 01:29:43
422,Touros,-5.1989,-35.4608,81.5,73,11,10.8,BR,2022-02-07 01:27:33
423,Mocuba,-16.8392,36.9856,70.43,99,100,4.88,MZ,2022-02-07 01:29:44
424,Prabumulih,-3.45,104.25,76.59,84,100,3.51,ID,2022-02-07 01:29:44
425,Fort Nelson,58.8053,-122.7002,17.19,93,75,2.3,CA,2022-02-07 01:29:45
426,Ayagoz,47.9714,80.4392,-10.37,91,5,3.2,KZ,2022-02-07 01:29:45
427,Urengoy,65.9667,78.3667,-26.73,100,94,3.44,RU,2022-02-07 01:29:45
428,Banamba,13.55,-7.45,67.42,12,0,8.34,ML,2022-02-07 01:29:46
429,Boa Vista,2.8197,-60.6733,84.18,61,75,4.61,BR,2022-02-07 01:25:07
430,Kokopo,-4.352,152.2633,85.68,64,100,9.89,PG,2022-02-07 01:29:46
431,Askiz,53.1319,90.5264,-1.39,91,99,4.29,RU,2022-02-07 01:29:47
432,Winder,33.9926,-83.7202,46.29,48,100,0.0,US,2022-02-07 01:29:47
433,Banda Aceh,5.5577,95.3222,76.53,86,100,5.99,ID,2022-02-07 01:29:47
434,Lamar,33.6668,-95.5836,48.11,34,0,0.0,US,2022-02-07 01:29:48
435,Sept-Iles,50.2001,-66.3821,3.06,73,100,1.01,CA,2022-02-07 01:29:48
436,Rockport,28.0206,-97.0544,57.24,83,100,13.8,US,2022-02-07 01:29:49
437,Buchanan,5.8808,-10.0467,79.27,85,71,5.3,LR,2022-02-07 01:24:50
438,Egvekinot,66.3167,-179.1667,-11.06,83,1,7.36,RU,2022-02-07 01:29:49
439,Springbok,-29.6643,17.8865,71.58,47,0,4.63,ZA,2022-02-07 01:29:50
440,Vigrestad,58.5667,5.7,40.68,65,9,33.22,NO,2022-02-07 01:29:50
441,Mayo,38.8876,-76.5119,34.25,57,100,5.01,US,2022-02-07 01:29:50
442,Dossor,47.5272,52.9811,23.56,86,100,8.99,KZ,2022-02-07 01:29:51
443,Paramonga,-10.6667,-77.8333,71.24,78,100,7.27,PE,2022-02-07 01:29:51
444,Vanavara,60.34,102.2797,-16.69,100,100,0.49,RU,2022-02-07 01:29:52
445,Proletariy,58.4342,31.7046,31.42,96,100,11.25,RU,2022-02-07 01:29:52
446,Markova,48.6758,24.4138,37.6,77,100,11.07,UA,2022-02-07 01:29:53
447,Mezen,65.8522,44.24,13.03,93,100,9.95,RU,2022-02-07 01:26:25
448,Elizabeth City,36.2946,-76.2511,41.05,81,100,10.36,US,2022-02-07 01:29:53
449,Osterholz-Scharmbeck,53.2333,8.8,37.74,94,46,4.0,DE,2022-02-07 01:29:54
450,Lao Cai,22.4833,103.95,60.03,92,84,0.58,VN,2022-02-07 01:29:54
451,Hasaki,35.7333,140.8333,43.29,39,6,10.02,JP,2022-02-07 01:26:38
452,Ucluelet,48.9329,-125.5528,46.09,90,39,10.04,CA,2022-02-07 01:29:55
453,Ambunti,-4.2365,142.8448,81.25,85,100,2.55,PG,2022-02-07 01:29:55
454,Balotra,25.8333,72.2333,60.98,45,0,6.96,IN,2022-02-07 01:29:56
455,Ondangwa,-17.9167,15.95,66.2,100,99,1.14,NA,2022-02-07 01:30:56
456,Sinor,21.9167,73.3333,57.22,33,1,1.59,IN,2022-02-07 01:30:56
457,Nanortalik,60.1432,-45.2371,18.88,65,100,42.73,GL,2022-02-07 01:30:57
458,Yashkul,46.1711,45.3435,32.34,80,98,13.91,RU,2022-02-07 01:30:57
459,Pleshanovo,52.8333,53.4833,12.81,97,100,2.04,RU,2022-02-07 01:30:58
460,Mtambile,-5.3833,39.7,77.72,88,100,7.49,TZ,2022-02-07 01:30:58
461,Santiago Del Estero,-27.7951,-64.2615,71.78,49,0,5.73,AR,2022-02-07 01:30:58
462,Najran,17.4924,44.1277,50.65,58,26,3.33,SA,2022-02-07 01:30:59
463,Kodinsk,58.6881,99.1844,12.45,96,100,1.39,RU,2022-02-07 01:30:59
464,Mercedes,-34.6515,-59.4307,65.84,83,15,7.74,AR,2022-02-07 01:30:59
465,Valparaiso,-33.0393,-71.6273,65.48,81,100,6.91,CL,2022-02-07 01:31:00
466,Parana,-31.732,-60.5238,69.51,73,0,8.28,AR,2022-02-07 01:29:01
467,Yuanping,38.7153,112.7575,29.41,20,95,3.56,CN,2022-02-07 01:31:00
468,Ranong,9.9658,98.6348,78.73,71,100,4.5,TH,2022-02-07 01:31:01
469,Hirara,24.8,125.2833,68.27,60,75,12.66,JP,2022-02-07 01:31:01
470,Sioux Lookout,50.1001,-91.917,5.38,92,0,2.3,CA,2022-02-07 01:31:02
471,Khasan,42.4308,130.6434,21.88,48,3,13.11,RU,2022-02-07 01:31:02
472,Along,28.1667,94.7667,51.75,84,34,0.65,IN,2022-02-07 01:31:03
473,Tabuk,17.4189,121.4443,71.98,89,100,1.95,PH,2022-02-07 01:31:03
474,Phan Thiet,10.9333,108.1,83.46,58,72,8.14,VN,2022-02-07 01:31:04
475,Ostrovnoy,68.0531,39.5131,12.33,87,17,20.45,RU,2022-02-07 01:26:41
476,Severnoye,56.3491,78.3619,0.18,92,100,3.38,RU,2022-02-07 01:31:04
477,La Ronge,55.1001,-105.2842,14.25,85,100,5.75,CA,2022-02-07 01:31:05
478,Iskateley,67.6803,53.1512,15.15,87,100,17.11,RU,2022-02-07 01:31:05
479,Saint Anthony,45.0205,-93.218,13.6,68,75,4.0,US,2022-02-07 01:31:05
480,Asgabat,37.95,58.3833,31.86,93,20,2.3,TM,2022-02-07 01:31:06
481,Chernyshevskiy,63.0128,112.4714,-6.63,98,100,2.89,RU,2022-02-07 01:31:07
482,Mae Sot,16.7167,98.5667,69.75,100,94,0.0,TH,2022-02-07 01:31:07
483,Kurchum,48.5722,83.6542,0.99,75,1,3.44,KZ,2022-02-07 01:31:07
484,Adrar,20.5022,-10.0711,64.27,11,0,9.91,MR,2022-02-07 01:31:08
485,Kutum,14.2,24.6667,47.77,31,31,8.72,SD,2022-02-07 01:31:08
486,Svetlogorsk,52.6333,29.7333,32.58,96,100,14.32,BY,2022-02-07 01:31:09
487,Barcelona,41.3888,2.159,51.55,66,20,3.0,ES,2022-02-07 01:29:34
488,Finschhafen,-6.6024,147.8681,86.52,71,100,7.54,PG,2022-02-07 01:31:10
489,Camacha,33.0833,-16.3333,59.76,63,40,14.97,PT,2022-02-07 01:31:10
490,Macapa,0.0389,-51.0664,76.98,94,40,3.44,BR,2022-02-07 01:27:53
491,Te Anau,-45.4167,167.7167,65.93,46,34,2.59,NZ,2022-02-07 01:30:00
492,Teya,60.3778,92.6267,-1.3,100,94,2.66,RU,2022-02-07 01:31:11
493,Whitehorse,60.7161,-135.0538,35.31,80,75,17.0,CA,2022-02-07 01:31:12
494,Port-Gentil,-0.7193,8.7815,79.72,84,25,10.76,GA,2022-02-07 01:31:12
495,Hailey,43.5196,-114.3153,26.46,72,0,0.0,US,2022-02-07 01:31:13
496,Zavoronezhskoye,52.8801,40.5526,15.03,99,74,6.6,RU,2022-02-07 01:31:13
497,Ardakan,32.31,54.0175,37.78,45,0,4.59,IR,2022-02-07 01:31:13
498,Calama,-22.4667,-68.9333,56.55,28,0,4.88,CL,2022-02-07 01:30:25
499,Danville,36.586,-79.395,32.43,64,0,3.44,US,2022-02-07 01:30:45
500,Galle,6.0367,80.217,79.23,72,99,1.16,LK,2022-02-07 01:32:14
501,Creel,27.75,-107.6333,35.38,55,0,4.59,MX,2022-02-07 01:32:15
502,Paka,4.6374,103.4368,78.22,89,100,8.05,MY,2022-02-07 01:32:15
503,Kieta,-6.2167,155.6333,87.06,68,100,11.03,PG,2022-02-07 01:32:15
504,Ust-Kulom,61.6864,53.6902,15.4,92,100,6.76,RU,2022-02-07 01:32:16
505,Priamurskiy,48.5217,134.9028,1.81,88,100,3.36,RU,2022-02-07 01:32:16
506,Molnlycke,57.6589,12.1179,38.61,92,0,5.75,SE,2022-02-07 01:32:17
507,Surt,31.2089,16.5887,58.68,45,80,5.82,LY,2022-02-07 01:32:17
508,Sinnamary,5.3833,-52.95,77.11,89,100,8.3,GF,2022-02-07 01:32:18
509,Hutchinson,38.0608,-97.9298,43.83,55,0,10.36,US,2022-02-07 01:32:18
510,Odweyne,9.4092,45.064,62.24,74,96,8.43,SO,2022-02-07 01:32:18
511,Ndele,8.4109,20.6473,66.65,18,58,7.67,CF,2022-02-07 01:32:19
512,Rocha,-34.4833,-54.3333,63.41,85,100,14.88,UY,2022-02-07 01:32:19
513,Umm Lajj,25.0213,37.2685,65.62,36,0,15.19,SA,2022-02-07 01:32:20
514,Pecos,31.4229,-103.4932,54.43,24,40,17.27,US,2022-02-07 01:32:20
515,Talara,-4.5772,-81.2719,71.44,85,40,9.98,PE,2022-02-07 01:32:21
516,Visaginas,55.6,26.4167,32.65,97,100,14.25,LT,2022-02-07 01:32:21
517,Dwarka,22.2394,68.9678,66.74,65,3,5.17,IN,2022-02-07 01:32:22
518,Albert Lea,43.648,-93.3683,10.62,78,0,8.05,US,2022-02-07 01:32:22
519,Chumikan,54.7183,135.315,-3.96,83,16,13.8,RU,2022-02-07 01:32:22
520,Birao,10.2849,22.7882,62.62,16,4,9.04,CF,2022-02-07 01:32:23
521,Port Moresby,-9.4431,147.1797,83.62,70,40,8.05,PG,2022-02-07 01:32:23
522,Northam,51.0333,-4.2167,45.61,79,9,15.61,GB,2022-02-07 01:32:24
523,Bereda,43.2686,-7.5406,43.92,98,79,1.9,ES,2022-02-07 01:32:24
524,Jacareacanga,-6.2222,-57.7528,73.29,98,100,1.52,BR,2022-02-07 01:32:25
525,Ayan,56.45,138.1667,1.67,65,90,7.52,RU,2022-02-07 01:29:56
526,Ust-Nera,64.5667,143.2,-15.52,79,5,2.73,RU,2022-02-07 01:32:25
527,San Luis,-33.295,-66.3356,61.88,34,0,12.37,AR,2022-02-07 01:31:26
528,Luganville,-15.5333,167.1667,84.22,76,100,8.99,VU,2022-02-07 01:32:26
529,Maragogi,-9.0122,-35.2225,78.26,77,28,7.49,BR,2022-02-07 01:32:26
530,Port Hardy,50.6996,-127.4199,46.76,81,100,14.97,CA,2022-02-07 01:31:49
531,Vila Franca Do Campo,37.7167,-25.4333,60.19,84,30,11.99,PT,2022-02-07 01:32:27
532,Peniche,39.3558,-9.3811,51.1,65,8,7.52,PT,2022-02-07 01:32:27
533,Sibi,29.5448,67.8764,58.42,29,1,2.21,PK,2022-02-07 01:32:28
534,Turukhansk,65.8167,87.9833,-25.38,100,45,3.89,RU,2022-02-07 01:32:28
535,Bargteheide,53.7333,10.2667,36.82,94,87,14.09,DE,2022-02-07 01:32:29
536,Santa Maria,-29.6842,-53.8069,65.5,68,0,2.3,BR,2022-02-07 01:28:14
537,Xam Nua,20.4197,104.0439,62.06,88,61,1.86,LA,2022-02-07 01:32:29
538,Kahului,20.8947,-156.47,80.62,59,0,23.02,US,2022-02-07 01:32:30
539,Martinsburg,39.4562,-77.9639,31.93,57,0,0.0,US,2022-02-07 01:32:30
540,Ust-Kuyga,70.0167,135.6,-36.15,99,100,4.72,RU,2022-02-07 01:32:30
541,Clarence Town,-32.5833,151.7833,76.95,60,85,9.4,AU,2022-02-07 01:32:31
542,Muriae,-21.1306,-42.3664,76.42,93,97,3.49,BR,2022-02-07 01:32:31
543,Rio Gallegos,-51.6226,-69.2181,64.45,42,75,28.77,AR,2022-02-07 01:31:35
544,Baykit,61.67,96.37,-11.78,100,50,3.42,RU,2022-02-07 01:32:32
545,Ancud,-41.8697,-73.8203,60.33,87,5,3.74,CL,2022-02-07 01:32:32
546,Chicama,-7.8447,-79.1469,66.74,73,99,5.35,PE,2022-02-07 01:33:33
547,Klaksvik,62.2266,-6.589,34.72,51,100,20.38,FO,2022-02-07 01:33:33
548,Pokhara,28.2333,83.9833,49.12,64,4,1.34,NP,2022-02-07 01:33:33
549,Coquimbo,-29.9533,-71.3436,64.13,82,100,5.75,CL,2022-02-07 01:33:34
550,Taksimo,56.3444,114.8794,-2.0,94,100,0.56,RU,2022-02-07 01:33:34
551,Pando,-34.7167,-55.95,67.98,82,75,11.5,UY,2022-02-07 01:33:35
552,Xichang,27.8964,102.2634,43.2,83,90,1.19,CN,2022-02-07 01:33:35
553,Winsum,53.33,6.5208,40.98,81,50,29.33,NL,2022-02-07 01:33:36
554,Nuuk,64.1835,-51.7216,9.21,56,75,9.22,GL,2022-02-07 01:33:36
555,Stephenville,32.2207,-98.2023,48.33,43,0,0.0,US,2022-02-07 01:30:24
556,Inverell,-29.7833,151.1167,78.67,46,0,7.0,AU,2022-02-07 01:33:37
557,Auki,-8.7676,160.7034,84.81,78,100,11.21,SB,2022-02-07 01:33:37
558,Sao Jose Da Coroa Grande,-8.8978,-35.1478,78.73,75,34,8.01,BR,2022-02-07 01:33:38
559,Eureka,40.8021,-124.1637,50.13,86,0,1.99,US,2022-02-07 01:33:38
560,North Platte,41.1239,-100.7654,40.24,56,100,1.99,US,2022-02-07 01:28:42
561,Salalah,17.0151,54.0924,75.29,25,0,16.11,OM,2022-02-07 01:33:39
562,Pasighat,28.0667,95.3333,57.47,70,3,0.67,IN,2022-02-07 01:33:39
563,Atambua,-9.1061,124.8925,83.01,69,22,4.07,ID,2022-02-07 01:33:39
564,Komsomolskiy,40.4272,71.7189,38.12,87,75,2.3,UZ,2022-02-07 01:32:42
565,Melbu,68.5044,14.8297,30.31,70,100,4.85,NO,2022-02-07 01:33:40
566,Alexandria,31.2156,29.9553,51.76,82,0,3.44,EG,2022-02-07 01:29:29
